{"nodes":{"node:1377":{"location":{"x":264,"y":-349}},"node:1380":{"location":{"x":905,"y":-397}},"node:1383":{"location":{"x":2056,"y":99}},"node:1386":{"location":{"x":2056,"y":387}},"node:1389":{"location":{"x":1065,"y":371}},"node:1392":{"location":{"x":1273,"y":-125}},"node:1395":{"location":{"x":-1207,"y":-493}},"node:1398":{"location":{"x":1624,"y":323}},"node:1404":{"location":{"x":-215,"y":403}},"node:1407":{"location":{"x":201,"y":707}},"node:1410":{"location":{"x":-1063,"y":611}},"node:1413":{"location":{"x":-599,"y":67}},"node:1416":{"location":{"x":649,"y":483}},"node:1422":{"location":{"x":601,"y":-429}}},"selection":null,"view":{"scroll":{"x":-596.4898681640625,"y":-439.980987548828125},"zoom":0.329999983310699463}}