{"nodes":null,"selection":null,"view":{"scroll":{"x":-538.4898681640625,"y":-672.98101806640625},"zoom":0.329999983310699463}}